company_name,sector,country,esg_score,environmental_score,social_score,governance_score,carbon_emissions,energy_consumption,waste_generated,water_usage,revenue,esg_spending,employee_count,cyber_incidents,data_breaches,ransomware_attacks,phishing_attempts,vulnerability_count,avg_patch_time_days,compliance_score,security_budget,has_ciso,last_audit_days_ago
EcoFab Manufacturing,Manufacturing,India,58.98,60.18,55.26,61.5,11977.9,39691.29,501.47,9938.96,3378.97,220.11,2972,4,0,1,9,5,29.7,80.48,189.04,1,151
SafeHarbor Insurance,Insurance,Australia,71.82,83.57,51.49,80.4,12749.36,38290.18,3149.79,2711.77,3894.15,258.01,1723,4,0,0,14,7,6.8,80.99,247.65,1,120
FusionGrid Power,Energy,USA,63.81,67.02,68.28,56.14,6055.51,26426.97,282.48,3409.04,4576.34,206.51,36927,2,0,0,13,7,11.6,86.66,153.76,1,104
ZeroGuard Tech,Retail,Brazil,72.94,82.51,68.91,67.4,8773.84,2488.97,4658.2,13821.58,3108.34,224.22,33858,38,13,6,16,87,115.0,16.83,15.54,0,134
WaveLink Telecom,Telecom,UAE,67.88,63.41,72.03,68.21,8633.6,43956.03,2047.24,2766.9,4268.3,226.71,1536,4,0,0,16,12,16.5,97.44,275.23,1,79
FraudMetrics Inc,Real Estate,Canada,88.79,86.03,48.34,71.84,75767.63,119186.73,19850.57,4413.12,2286.25,11.43,4876,0,1,0,12,10,7.6,90.28,161.15,1,71
HyperDrive Auto,Automotive,Singapore,63.96,73.19,60.83,57.86,3057.61,25420.02,2123.68,18305.43,2289.58,65.14,18183,2,1,1,14,8,5.9,83.22,159.21,1,39
ValueMart Stores,Retail,Brazil,68.87,81.51,69.75,55.34,6649.89,37085.77,4675.12,18518.81,2902.63,163.72,22596,3,2,0,14,4,18.4,95.76,157.45,1,82
EquityFirst Bank,Banking,Germany,67.26,81.2,46.19,74.41,14580.34,47269.06,2397.36,17254.65,1521.88,114.85,42243,2,0,0,10,8,27.1,87.24,70.47,1,33
RiskShield Corp,Insurance,Australia,65.27,75.97,66.98,52.86,1385.63,14567.0,4040.7,14990.37,4374.21,329.17,9307,2,1,0,18,8,11.7,80.56,137.37,1,78
TrustCapital Bank,Banking,Germany,68.69,73.08,73.12,59.87,12199.1,49534.75,2092.46,7503.16,928.33,60.38,38843,6,1,1,21,3,28.8,96.62,65.11,1,124
MedCore Health,Healthcare,Japan,69.64,76.17,51.53,81.24,13493.32,16582.17,594.76,4635.91,2719.74,186.16,21412,2,0,0,11,11,5.9,87.07,177.29,1,37
SignalTower Tel,Telecom,UAE,69.91,68.53,63.9,77.29,8348.37,48186.61,1742.27,12689.18,579.55,38.05,46608,3,0,0,8,9,5.6,79.06,37.21,1,145
UrbanSpace Realty,Real Estate,Canada,74.93,79.48,70.93,74.4,4757.08,40658.7,4060.06,17354.74,3527.3,146.63,45670,7,0,0,16,5,25.6,80.09,137.19,1,108
SteelForge Industries,Manufacturing,India,61.8,61.25,49.19,74.96,11679.02,25195.98,2637.53,8608.07,3815.89,204.82,1368,1,1,0,21,5,28.2,92.63,283.67,1,160
AutoDrive Motors,Automotive,Singapore,70.91,69.7,73.6,69.43,1849.99,44963.57,4507.07,12698.72,2671.77,92.21,17017,6,0,1,17,9,26.2,88.41,186.44,1,44
DataLeak Systems,Technology,UK,65.96,82.13,46.82,68.95,10854.26,40284.68,1730.28,16315.02,3559.85,257.23,4097,48,8,5,12,75,140.9,36.71,17.8,0,59
MirageESG Corp,Automotive,Singapore,90.91,17.29,93.8,9.27,13018.34,26435.01,2421.95,610.28,2344.3,2.34,17128,3,1,1,24,4,28.2,71.69,223.67,1,82
BreachPoint Networks,Telecom,UAE,88.53,53.83,73.11,68.87,61843.53,14358.58,2097.07,2525.53,1590.97,3.18,9139,69,14,0,15,130,20.3,26.45,141.26,1,165
ShopStream Retail,Retail,Brazil,67.22,84.68,47.58,69.38,9626.28,35091.69,2299.98,12588.41,4848.05,249.12,29257,1,0,2,16,9,25.3,89.17,200.63,1,166
SecureLife Insurance,Insurance,Australia,66.33,74.65,52.55,71.8,8204.64,27491.12,3205.28,14549.22,472.47,10.91,48795,3,0,0,19,7,28.9,90.66,32.51,1,121
ElectraMotors Ltd,Automotive,Singapore,76.89,77.01,78.24,75.4,14024.56,43437.13,273.83,624.7,3086.41,139.18,18885,4,3,0,12,14,20.5,80.03,117.13,1,130
NeuralHealth AI,Healthcare,Japan,71.72,79.45,56.97,78.74,2348.59,20467.08,3996.61,3083.36,597.63,42.3,11539,5,0,0,21,7,26.8,96.1,41.57,1,134
CureGen Biotech,Healthcare,Japan,68.53,49.82,78.25,77.52,13247.22,47291.87,2363.64,12306.89,492.58,22.19,8434,5,0,0,11,11,25.4,76.28,22.49,1,110
ByteForce Tech,Technology,UK,66.85,66.86,56.7,76.98,11058.74,25279.07,3457.59,8753.06,577.66,14.16,12395,5,0,1,24,13,22.6,95.91,24.63,1,115
GreenVolt Energy,Energy,USA,70.25,56.85,78.28,75.62,2761.92,3846.1,4337.57,12062.19,3013.36,88.48,35432,0,2,0,11,7,24.6,75.59,198.87,1,118
GhostEmissions Inc,Healthcare,Japan,92.44,95.42,49.27,65.83,47085.99,169262.6,27571.73,19733.94,4672.68,23.36,48259,0,2,0,15,5,21.8,97.16,170.89,1,130
NetBridge Comms,Telecom,UAE,68.04,74.9,60.87,68.35,8614.78,8606.77,950.54,17249.53,2231.78,98.3,47311,3,0,0,18,4,7.6,92.4,94.85,1,127
NanoMaterials Inc,Manufacturing,India,68.5,79.15,45.74,80.61,12082.36,49898.77,1786.02,15367.05,2668.24,203.7,20156,6,1,0,13,3,29.7,81.98,151.83,1,131
RetailMax Corp,Retail,Brazil,62.57,52.54,76.79,58.38,14791.93,12860.71,3377.07,15256.23,767.23,37.88,11958,5,1,0,17,8,7.8,95.89,70.14,1,68
Guardian Assurance,Insurance,Australia,74.15,79.08,62.06,81.31,825.8,14165.19,2731.09,12706.22,4009.28,182.47,12968,4,0,0,21,6,8.4,95.2,365.54,1,119
CloudSphere Tech,Technology,UK,70.35,82.31,65.14,63.59,8411.44,47131.78,1961.21,19227.69,3234.28,153.61,45276,1,0,0,9,5,8.0,89.51,239.42,1,161
VoltAuto Corp,Automotive,Singapore,64.89,70.51,64.8,59.35,10047.55,42678.5,4343.11,14196.42,4399.22,298.47,41866,4,2,1,13,5,20.4,97.47,326.54,1,68
TechNova Inc,Technology,UK,54.77,42.09,66.26,55.97,14501.66,40611.47,1557.84,2043.68,372.01,28.62,34243,2,0,1,17,10,6.1,79.11,21.28,1,70
DataPulse Systems,Technology,UK,65.51,80.35,47.81,68.36,2124.56,20494.92,4848.88,17323.59,2081.46,164.32,40871,1,2,0,12,6,12.2,86.27,84.93,1,102
PrimeBank Holdings,Banking,Germany,64.87,77.29,57.49,59.83,12131.86,4652.98,4935.09,15467.67,2736.35,77.86,10015,0,1,0,18,6,13.1,90.43,204.21,1,163
ShadowFinance Ltd,Manufacturing,India,87.06,83.62,54.03,72.99,55595.98,48521.23,2296.26,4797.4,1659.69,3.32,3767,43,10,0,16,192,26.1,20.62,117.8,1,160
FreshChain Markets,Retail,Brazil,61.73,66.68,65.3,53.2,2377.97,44548.66,4780.47,17256.34,4393.43,157.88,40494,2,0,0,12,6,17.0,86.59,385.43,1,82
PrecisionWorks Mfg,Manufacturing,India,65.19,56.15,75.7,63.74,5965.69,23671.31,1541.82,14977.43,4092.17,189.66,25185,3,1,0,23,9,23.6,70.94,286.01,1,144
PhantomGreen Corp,Energy,USA,89.67,86.25,69.32,80.1,65457.21,170647.57,15473.79,19734.59,3910.26,19.55,7210,4,0,0,9,3,19.2,89.31,336.44,1,60
SolarPeak Power,Energy,USA,58.34,58.88,53.67,62.46,2183.05,3254.13,251.61,17123.67,3801.34,79.31,35212,1,0,0,11,9,6.8,87.99,121.09,1,117
GlobalFin Bank,Banking,Germany,57.52,63.97,46.81,61.78,14854.42,16795.34,4058.88,5167.35,715.35,17.03,34106,4,3,0,23,7,9.1,92.81,54.77,1,108
GreenHaven Properties,Real Estate,Canada,58.19,68.5,53.41,52.66,2702.59,7802.53,3222.33,3719.41,687.95,19.04,17348,3,0,0,11,4,14.1,84.1,53.89,1,35
ToxicGreen Industries,Insurance,Australia,53.35,50.2,57.42,52.43,12105.17,12451.89,2723.06,17613.57,2619.35,63.01,32578,57,10,7,15,65,199.2,38.18,13.1,0,149
WindRunner Energy,Energy,USA,53.39,49.52,56.46,54.19,10346.98,39669.39,2517.29,1829.71,4458.11,247.94,26901,3,0,0,17,6,9.0,75.22,222.71,1,56
ConnectTel Networks,Telecom,UAE,56.46,56.55,54.28,58.54,13434.68,31925.79,3984.32,10102.48,4866.4,212.11,28887,3,0,0,13,14,20.4,97.72,193.71,1,107
FakeScore Holdings,Banking,Germany,93.23,18.89,93.14,10.87,14820.92,2965.35,4341.81,11615.64,1762.38,1.76,21986,5,0,1,16,9,11.2,94.38,107.81,1,107
BioVita Pharma,Healthcare,Japan,79.5,82.63,79.51,76.37,11768.63,28361.81,2149.9,18136.45,1912.48,47.83,5648,1,0,0,10,9,29.2,71.21,176.68,1,109
SkylineBuilders,Real Estate,Canada,52.57,50.72,48.48,58.51,12538.19,20461.99,3357.02,4179.19,3625.22,258.63,14728,1,0,0,16,10,12.4,96.56,302.53,1,51
MetroLand Devs,Real Estate,Canada,63.64,70.75,60.61,59.58,7045.11,9017.57,3984.31,13904.28,4985.77,227.21,11116,2,0,1,14,9,21.3,80.32,451.24,1,100
